{"cameraMode":{"drawMode":0,"name":"Shaded","section":"Shading Mode"},"sceneLighting":true,"audioPlay":false,"sceneViewState":{"m_AlwaysRefresh":false,"showFog":true,"showSkybox":true,"showFlares":true,"showImageEffects":true,"showParticleSystems":true,"showVisualEffectGraphs":true,"m_FxEnabled":true},"in2DMode":false,"pivot":{"x":-43.46156692504883,"y":3.2739830017089845,"z":-19.736068725585939},"rotation":{"x":0.10130269825458527,"y":0.18638379871845246,"z":-0.019319241866469384,"w":0.9770769476890564},"size":0.39612069725990298,"orthographic":false}